﻿pos_x,pos_y,rotation,side,designator,mpn,pack,value,mount_type,place
-14.4,-9.4,90.0,top,C201,CL05B104KB54PNC,R_0402_1005Metric,100nf,smt,True
3.765103,-18.6,-90.0,top,C202,CL05B104KB54PNC,R_0402_1005Metric,100nf,smt,True
6.365102,-14.030024,-90.0,top,C203,C1005NP0220JGTS,R_0402_1005Metric,22pF,smt,True
6.365102,-12.120024,90.0,top,C204,C1005NP0220JGTS,R_0402_1005Metric,22pF,smt,True
5.965103,-16.930024,180.0,top,C205,CL05B104KB54PNC,R_0402_1005Metric,100nf,smt,True
24.265103,0.969977,90.0,top,C206,CL05B104KB54PNC,R_0402_1005Metric,100nf,smt,True
28.80023,-6.609819,0.0,top,C207,GRT155R6YA474KE01D,R_0402_1005Metric,470nF,smt,True
28.80023,-5.219971,0.0,top,C208,GRT155R6YA474KE01D,R_0402_1005Metric,470nF,smt,True
26.010229,1.504464,0.0,top,C209,CL05B104KB54PNC,R_0402_1005Metric,100nf,smt,True
26.010229,0.434467,0.0,top,C210,CL05B104KB54PNC,R_0402_1005Metric,100nf,smt,True
12.900229,-21.034972,-90.0,top,C211,CL05B104KB54PNC,R_0402_1005Metric,100nf,smt,True
18.665101,0.859977,90.0,top,C212,CL05B104KB54PNC,R_0402_1005Metric,100nf,smt,True
15.800229,-22.304972,-90.0,top,C213,CL31A106KBHNNNE,C_1206_3216Metric,10uF,smt,True
14.00023,-21.034972,-90.0,top,C214,CL05B104KB54PNC,R_0402_1005Metric,100nf,smt,True
31.470181,-9.829973,0.0,top,C215,CL05B104KB54PNC,R_0402_1005Metric,100nf,smt,True
12.0,-0.0,-90.0,top,C216,CL05B104KB54PNC,R_0402_1005Metric,100nf,smt,True
8.465101,-14.430025,180.0,top,C217,CL05A225MQ5NSNC,R_0402_1005Metric,2.2uF,smt,True
8.455102,-15.930024,180.0,top,C218,CL05A225MQ5NSNC,R_0402_1005Metric,2.2uF,smt,True
8.455102,-16.930024,180.0,top,C219,CL05A225MQ5NSNC,R_0402_1005Metric,2.2uF,smt,True
29.00023,-17.829973,0.0,top,C220,CL05B104KB54PNC,R_0402_1005Metric,100nf,smt,True
29.00023,-16.650024,0.0,top,C221,CL05B104KB54PNC,R_0402_1005Metric,100nf,smt,True
31.500231,-12.829973,0.0,top,C222,CL05B104KB54PNC,R_0402_1005Metric,100nf,smt,True
28.80023,-3.079983,0.0,top,C223,CL05B104KB54PNC,R_0402_1005Metric,100nf,smt,True
28.80023,-4.149977,0.0,top,C224,CL05A225MQ5NSNC,R_0402_1005Metric,2.2uF,smt,True
22.675102,1.470027,0.0,top,C225,UMK105CG102JVHF,R_0402_1005Metric,1nF,smt,True
22.675102,0.340157,0.0,top,C226,CL05B104KB54PNC,R_0402_1005Metric,100nf,smt,True
11.365103,-21.595024,0.0,top,C227,CL05B104KB54PNC,R_0402_1005Metric,100nf,smt,True
18.40023,-22.304973,-90.0,top,C228,CL31A106KBHNNNE,C_1206_3216Metric,10uF,smt,True
29.00023,-18.879922,0.0,top,C229,CL05B104KB54PNC,R_0402_1005Metric,100nf,smt,True
5.965102,-17.930023,180.0,top,C230,CL05A105KA5NQNC,R_0402_1005Metric,1uF,smt,True
8.455102,-12.229973,180.0,top,C231,CL05B104KB54PNC,R_0402_1005Metric,100nf,smt,True
20.200229,-21.034973,-90.0,top,C232,CL05B104KB54PNC,R_0402_1005Metric,100nf,smt,True
30.8526,-5.729971,90.0,top,C233,CL05A225MQ5NSNC,R_0402_1005Metric,2.2uF,smt,True
6.1401,-21.330024,-90.0,top,C234,CL05B104KB54PNC,R_0402_1005Metric,100nf,smt,True
17.600229,0.859977,90.0,top,C235,CL05B104KB54PNC,R_0402_1005Metric,100nf,smt,True
31.470183,-8.829973,0.0,top,C236,CL05B104KB54PNC,R_0402_1005Metric,100nf,smt,True
8.200002,19.200001,180.0,top,C301,CL05B104KB54PNC,C_0402_1005Metric,100nF,smt,True
8.2,22.738919,90.0,top,C302,CL21B105KBFNNNE,C_0805_2012Metric,1uF,smt,True
-30.6,8.65,-90.0,top,C402,CL05B104KB54PNC,C_0402_1005Metric,100nF,smt,True
-35.467008,-3.15,180.0,top,C403,C0603X5R106M100NT,C_0603_1608Metric,10uF,smt,True
-35.467009,-1.6,180.0,top,C404,C0603X5R106M100NT,C_0603_1608Metric,10uF,smt,True
-38.849999,-5.165,90.0,top,C405,C1005NP0220JGTS,C_0402_1005Metric,22pF,smt,True
-29.6,-5.4,-90.0,top,C406,CL05B104KB54PNC,C_0402_1005Metric,100nF,smt,True
-30.8,-5.865025,-90.0,top,C407,C0603X5R106M100NT,C_0603_1608Metric,10uF,smt,True
-35.584999,-11.2,180.0,top,C408,C0603X5R106M100NT,C_0603_1608Metric,10uF,smt,True
-35.6,-9.6,180.0,top,C409,C0603X5R106M100NT,C_0603_1608Metric,10uF,smt,True
-38.849999,-12.8,90.0,top,C410,C1005NP0220JGTS,C_0402_1005Metric,22pF,smt,True
-29.6,-13.497525,-90.0,top,C411,CL05B104KB54PNC,C_0402_1005Metric,100nF,smt,True
-30.8,-13.962525,-90.0,top,C412,C0603X5R106M100NT,C_0603_1608Metric,10uF,smt,True
-37.709999,-15.28,90.0,top,C413,CL05B104KB54PNC,C_0402_1005Metric,100nF,smt,True
-38.234999,17.325,90.0,top,C414,GRM188R60J476ME15D,C_0603_1608Metric,47uF,smt,True
-36.724999,17.325,90.0,top,C415,GRM188R60J476ME15D,C_0603_1608Metric,47uF,smt,True
-36.1,13.0,180.0,top,C416,CL05A105KA5NQNC,R_0402_1005Metric,1uF,smt,True
-38.432599,4.5,180.0,top,C418,C1005NP0220JGTS,C_0402_1005Metric,22pF,smt,True
-38.432599,2.4,0.0,top,C419,CC0402KRX7R9BB332,C_0402_1005Metric,3.3nF,smt,True
-23.6,11.9,180.0,top,C420,UWT1H221MNL1GS,CP_Elec_10x10,220uF 16V,smt,True
-21.0,-2.075,-90.0,top,C421,C0603X5R106M100NT,C_0603_1608Metric,10uF,smt,True
-26.785,-4.5,180.0,top,C422,C0603X5R106M100NT,C_0603_1608Metric,10uF,smt,True
-22.509998,-2.075,-90.0,top,C423,CC0603KRX7R9BB224,C_0603_1608Metric,220nF,smt,True
-24.019996,-2.075,-90.0,top,C424,CC0603JRNPO9BN680,C_0603_1608Metric,68pF,smt,True
-34.2,18.075,180.0,top,C425,C0603X5R106M100NT,C_0603_1608Metric,10uF,smt,True
-30.634999,22.4475,-90.0,top,C426,CL05B104KB54PNC,R_0402_1005Metric,100nf,smt,True
-34.6,-23.0475,-90.0,top,D401,AU0511P1,Diodes_DFN1006-3,AU0511P1,smt,True
71.312501,-11.6,180.0,top,D402,1N5819WS,D_SOD-323,1N5819WS,smt,True
-2.149999,15.975,180.0,top,D403,AU0511P1,Diodes_DFN1006-3,AU0511P1,smt,True
-3.949999,15.999999,0.0,top,D404,AU0511P1,Diodes_DFN1006-3,AU0511P1,smt,True
-3.0,14.2,0.0,top,D405,NSR0320MW2T1G,D_SOD-323,NSR0320MW2T1G,smt,True
-41.6,-11.4,90.0,top,D406,SMAJ12CA,D_SMA,SMAJ12CA,smt,True
-33.317599,3.05,180.0,top,D407,SS54,D_SMA,SS54,smt,True
-30.785,-8.2,180.0,top,D408,LTST-C281KRKT,LED_0402_1005Metric,LED,smt,True
-30.785,-2.0,180.0,top,D409,LTST-C281KRKT,LED_0402_1005Metric,LED,smt,True
69.2,-8.8,0.0,top,D410,NSR0320MW2T1G,D_SOD-323,NSR0320MW2T1G,smt,True
60.4125,-17.1,0.0,top,D411,MHT192CRCT,LED_0603_1608Metric,LED_0603_RED,smt,True
71.275001,-13.699999,180.0,top,D412,1N5819WS,D_SOD-323,1N5819WS,smt,True
60.412499,-18.7,0.0,top,D413,MHT192CRCT,LED_0603_1608Metric,LED_0603_RED,smt,True
-34.2,16.55,0.0,top,FB401,BLM18EG221SN1D,L_0603_1608Metric,220R@100MHz,smt,True
-26.785,-5.999999,180.0,top,FB402,BLM18EG221SN1D,L_0603_1608Metric,220R@100MHz,smt,True
-6.2,14.2,180.0,top,FB403,BLM18EG221SN1D,L_0603_1608Metric,220R@100MHz,smt,True
-45.0,24.0,0.0,top,H401,,MountingHole_2.2mm_M2,MountingHole,tht,True
70.0,24.0,0.0,top,H402,,MountingHole_2.2mm_M2,MountingHole,tht,True
70.0,-24.0,0.0,top,H403,,MountingHole_2.2mm_M2,MountingHole,tht,True
-45.0,-24.0,0.0,top,H404,,MountingHole_2.2mm_M2,MountingHole,tht,True
-14.293955,-19.660935,180.0,top,J201,XKTF-1307-16,TF-SMD_YC39-TF08-180,XKTF-1307-16,smt,True
36.365001,-11.299973,90.0,top,J202,,Tag-Connect_TC2030-IDC-NL_2x03_P1.27mm_Vertical,TC2030-IDC,tht,True
37.5,15.36,0.0,top,J301,,PinHeader_1x05_P2.54mm_Vertical,ESP32,tht,True
-46.025001,-13.25,180.0,top,J401,,PinHeader_1x02_P2.54mm_Horizontal,Conn_01x02,tht,True
-46.025,10.75,180.0,top,J402,,PinHeader_1x02_P2.54mm_Horizontal,Conn_01x02,tht,True
62.0,-13.97,90.0,top,J403,DB125-2.54-12P-GN-S,"TerminalBlock_Phoenix_MPT-0,5-12-2.54_1x12_P2.54mm_Horizontal",Conn_01x12,tht,True
-2.6,22.725,180.0,top,J404,UX-144S-ACP5,USB_Mini-B_Lumberg_2486_01_Horizontal,USB_B_Mini,smt,True
-28.499999,-21.86,90.0,top,K401,G6K-2F-Y-TR DC5,Relay_DPDT_Omron_G6K-2F-Y,G6K-2,smt,True
-32.7,-5.989911,90.0,top,L401,VLS201610HBX-2R2M-1,IND-SMD_L2.0-W1.6_VLS201610CX-150M,2.2uH,smt,True
-32.7,-14.087411,90.0,top,L402,VLS201610HBX-2R2M-1,IND-SMD_L2.0-W1.6_VLS201610CX-150M,2.2uH,smt,True
-24.796983,3.05,180.0,top,L403,YHNR4020-8R2M,IND-SMD_L7.0-W6.6_FXL0630,8.2uH 3.7A,smt,True
-25.999999,-2.075089,-90.0,top,L404,VLS201610HBX-2R2M-1,IND-SMD_L2.0-W1.6_VLS201610CX-150M,2.2uH,smt,True
33.201419,12.220028,180.0,top,Q301,BC850CLT1G,SOT-23,BC850,smt,True
33.201418,16.770027,180.0,top,Q302,BC850CLT1G,SOT-23,BC850,smt,True
-35.899999,-21.76,-90.0,top,Q401,BC850CLT1G,SOT-23,BC850,smt,True
48.9275,19.209999,180.0,top,Q402,BC850CLT1G,SOT-23,BC850,smt,True
52.8025,19.209999,0.0,top,Q403,BC850CLT1G,SOT-23,BC850,smt,True
52.8025,15.759999,180.0,top,Q404,SI2302-TP,SOT-23,SI2302-TP,smt,True
48.9275,12.259999,180.0,top,Q405,BC850CLT1G,SOT-23,BC850,smt,True
52.8025,12.259999,0.0,top,Q406,BC850CLT1G,SOT-23,BC850,smt,True
52.8025,8.759999,180.0,top,Q407,SI2302-TP,SOT-23,SI2302-TP,smt,True
48.9275,5.259999,180.0,top,Q408,BC850CLT1G,SOT-23,BC850,smt,True
52.8025,5.259999,0.0,top,Q409,BC850CLT1G,SOT-23,BC850,smt,True
52.8025,1.759999,180.0,top,Q410,SI2302-TP,SOT-23,SI2302-TP,smt,True
48.9275,-1.740001,180.0,top,Q411,BC850CLT1G,SOT-23,BC850,smt,True
48.9275,-8.790001,180.0,top,Q412,BC850CLT1G,SOT-23,BC850,smt,True
48.9275,-15.740001,180.0,top,Q413,BC850CLT1G,SOT-23,BC850,smt,True
52.8025,-1.740001,0.0,top,Q414,BC850CLT1G,SOT-23,BC850,smt,True
52.8025,-8.790001,0.0,top,Q415,BC850CLT1G,SOT-23,BC850,smt,True
52.8025,-15.740001,0.0,top,Q416,BC850CLT1G,SOT-23,BC850,smt,True
52.8025,-5.240001,180.0,top,Q417,SI2302-TP,SOT-23,SI2302-TP,smt,True
52.8025,-12.240001,180.0,top,Q418,SI2302-TP,SOT-23,SI2302-TP,smt,True
52.8025,-19.240001,180.0,top,Q419,SI2302-TP,SOT-23,SI2302-TP,smt,True
0.6,-0.4,-90.0,top,R201,AC0402JR-07100KL,R_0402_1005Metric,100k,smt,True
4.0,-5.6,0.0,top,R202,RC0402FR-0722RL,R_0402_1005Metric,22R,smt,True
3.665101,-22.51,90.0,top,R203,AC0402JR-07100KL,R_0402_1005Metric,100k,smt,True
3.255102,-7.930022,0.0,top,R204,AC0402JR-07100KL,R_0402_1005Metric,100k,smt,True
5.955101,-15.930025,0.0,top,R205,AC0402JR-07100KL,R_0402_1005Metric,100k,smt,True
-6.8,-19.8,-90.0,top,R206,AC0402JR-07100KL,R_0402_1005Metric,100k,smt,True
14.000229,-23.029973,-90.0,top,R207,RC0402FR-07240RL,R_0402_1005Metric,240R,smt,True
28.110231,0.434467,0.0,top,R208,RC0402FR-0727RL,R_0402_1005Metric,27R,smt,True
28.110231,1.504462,0.0,top,R209,RC0402FR-0727RL,R_0402_1005Metric,27R,smt,True
8.455102,-17.930023,180.0,top,R210,0402WGF0000TCE,C_0402_1005Metric,0R,smt,True
11.365103,-20.530024,180.0,top,R211,0402WGF0000TCE,C_0402_1005Metric,0R,smt,True
20.755102,1.469977,0.0,top,R212,AC0402JR-07100KL,R_0402_1005Metric,100k,smt,True
31.480229,-10.829972,0.0,top,R213,0402WGF0000TCE,C_0402_1005Metric,0R,smt,True
31.480229,-11.829972,180.0,top,R214,0402WGF0000TCE,C_0402_1005Metric,0R,smt,True
20.755102,0.369925,0.0,top,R215,0402WGF0000TCE,C_0402_1005Metric,0R,smt,True
31.852601,-5.729971,90.0,top,R216,0402WGF0000TCE,C_0402_1005Metric,0R,smt,True
9.865101,-21.030023,90.0,top,R217,RC0402JR-071K8L,R_0402_1005Metric,1.8k,smt,True
8.465101,-18.930023,0.0,top,R218,RC0402JR-071K8L,R_0402_1005Metric,1.8k,smt,True
33.12,4.6,180.0,top,R301,AC0402JR-07100KL,R_0402_1005Metric,100k,smt,True
16.000229,-0.019972,-90.0,top,R302,RC0402FR-0722RL,R_0402_1005Metric,22R,smt,True
8.2,20.4,0.0,top,R304,AC0402JR-07100KL,R_0402_1005Metric,100k,smt,True
34.138918,9.970027,0.0,top,R305,RTT021202FTH,R_0402_1005Metric,12k,smt,True
34.138918,14.470029,0.0,top,R306,RTT021202FTH,R_0402_1005Metric,12k,smt,True
30.23392,19.370028,0.0,top,R307,RC0402FR-0722RL,R_0402_1005Metric,22R,smt,True
30.24392,18.070026,0.0,top,R308,RC0402FR-0722RL,R_0402_1005Metric,22R,smt,True
-36.0,-18.479999,90.0,top,R401,RC0402FR-07100KL,R_0402_1005Metric,100k 1%,smt,True
-35.0,-18.49,90.0,top,R402,C11702,R_0402_1005Metric,1k,smt,True
67.800001,-11.6,0.0,top,R403,0805W8F1002T5E,R_0805_2012Metric,10k,smt,True
63.6125,-17.1,180.0,top,R404,RC0402FR-072K2L,R_0603_1608Metric,2.2k,smt,True
67.7875,-13.7,0.0,top,R405,0805W8F1002T5E,R_0805_2012Metric,10k,smt,True
63.6125,-18.7,180.0,top,R406,RC0402FR-072K2L,R_0603_1608Metric,2.2k,smt,True
47.355,18.259999,180.0,top,R407,RC0402FR-07100KL,R_0402_1005Metric,100k 1%,smt,True
47.355,17.259999,180.0,top,R408,C11702,R_0402_1005Metric,1k,smt,True
54.79,20.159999,180.0,top,R409,C11702,R_0402_1005Metric,1k,smt,True
55.3,15.31,-90.0,top,R410,C11702,R_0402_1005Metric,1k,smt,True
47.355,10.259999,180.0,top,R411,C11702,R_0402_1005Metric,1k,smt,True
47.355,11.259999,180.0,top,R412,RC0402FR-07100KL,R_0402_1005Metric,100k 1%,smt,True
54.79,13.209999,180.0,top,R413,C11702,R_0402_1005Metric,1k,smt,True
-37.709999,-5.165,90.0,top,R414,AECR0402F680KK9,R_0402_1005Metric,680k,smt,True
-37.709999,-3.184999,90.0,top,R415,AF0402FR-07150KL,R_0402_1005Metric,150k,smt,True
-37.709999,-12.8,90.0,top,R416,RC0402FR-0775KL,R_0402_1005Metric,75k,smt,True
-37.709999,-10.8,90.0,top,R417,AF0402FR-07150KL,R_0402_1005Metric,150k,smt,True
-38.849999,-15.26,-90.0,top,R418,AF0402FR-07150KL,R_0402_1005Metric,150k,smt,True
-35.609999,-16.75,180.0,top,R419,AC0402JR-07100KL,R_0402_1005Metric,100k,smt,True
-36.090001,14.1,180.0,top,R420,0402WGF0000TCE,R_0402_1005Metric,0R,smt,True
-34.1,13.0,180.0,top,R421,0402WGF0000TCE,R_0402_1005Metric,0R,smt,True
-38.432599,3.45,180.0,top,R422,RC0402FR-0733KL,R_0402_1005Metric,33k 1%,smt,True
-38.432599,5.52,0.0,top,R423,RC0402FR-07100KL,R_0402_1005Metric,100k 1%,smt,True
-38.432599,6.6,180.0,top,R424,AT0402BRD0718K7L,R_0402_1005Metric,18.7k 1%,smt,True
-37.799998,11.32,-90.0,top,R425,RC0402FR-07100KL,R_0402_1005Metric,100k 1%,smt,True
-37.799999,9.29,-90.0,top,R426,RC0402FR-07100KL,R_0402_1005Metric,100k 1%,smt,True
-32.754998,-8.2,0.0,top,R427,C11702,R_0402_1005Metric,1k,smt,True
-32.754998,-2.0,0.0,top,R428,C11702,R_0402_1005Metric,1k,smt,True
55.3,8.319999,-90.0,top,R429,C11702,R_0402_1005Metric,1k,smt,True
47.355,3.269999,180.0,top,R430,C11702,R_0402_1005Metric,1k,smt,True
47.355,4.259999,180.0,top,R431,RC0402FR-07100KL,R_0402_1005Metric,100k 1%,smt,True
54.79,6.209999,180.0,top,R432,C11702,R_0402_1005Metric,1k,smt,True
55.3,1.319999,-90.0,top,R433,C11702,R_0402_1005Metric,1k,smt,True
47.355,-3.740001,180.0,top,R434,C11702,R_0402_1005Metric,1k,smt,True
47.355,-10.740001,180.0,top,R435,C11702,R_0402_1005Metric,1k,smt,True
47.355,-17.740001,180.0,top,R436,C11702,R_0402_1005Metric,1k,smt,True
47.355,-2.740001,180.0,top,R437,RC0402FR-07100KL,R_0402_1005Metric,100k 1%,smt,True
47.355,-9.740001,180.0,top,R438,RC0402FR-07100KL,R_0402_1005Metric,100k 1%,smt,True
47.355,-16.740001,180.0,top,R439,RC0402FR-07100KL,R_0402_1005Metric,100k 1%,smt,True
54.79,-0.790001,180.0,top,R440,C11702,R_0402_1005Metric,1k,smt,True
54.79,-7.840001,180.0,top,R441,C11702,R_0402_1005Metric,1k,smt,True
54.79,-14.790001,180.0,top,R442,C11702,R_0402_1005Metric,1k,smt,True
55.3,-5.680001,-90.0,top,R443,C11702,R_0402_1005Metric,1k,smt,True
55.3,-12.680001,-90.0,top,R444,C11702,R_0402_1005Metric,1k,smt,True
55.3,-19.680001,-90.0,top,R445,C11702,R_0402_1005Metric,1k,smt,True
3.2,-0.9,90.0,top,RN201,YC164-FR-07100KL,R_Array_Convex_4x0603,100k,smt,True
32.6,7.0,0.0,top,RN301,YC164-FR-07100KL,R_Array_Convex_4x0603,100k,smt,True
-4.0,-8.0,0.0,top,TP201,,TestPoint_Pad_D1.0mm,DAT2,tht,True
-6.0,-6.8,0.0,top,TP202,,TestPoint_Pad_D1.0mm,DAT3,tht,True
-4.0,-5.6,0.0,top,TP203,,TestPoint_Pad_D1.0mm,CMD,tht,True
-6.0,-4.4,0.0,top,TP204,,TestPoint_Pad_D1.0mm,CLK,tht,True
-4.0,-3.2,0.0,top,TP205,,TestPoint_Pad_D1.0mm,DAT0,tht,True
-6.0,-2.0,0.0,top,TP206,,TestPoint_Pad_D1.0mm,DAT1,tht,True
0.2,-16.0,0.0,top,TP207,,TestPoint_Pad_D1.0mm,CS0,tht,True
1.2,-14.0,0.0,top,TP208,,TestPoint_Pad_D1.0mm,CLK,tht,True
-2.0,-16.0,0.0,top,TP209,,TestPoint_Pad_D1.0mm,MISO,tht,True
-0.8,-14.0,0.0,top,TP210,,TestPoint_Pad_D1.0mm,MOSI,tht,True
-3.2,-14.0,0.0,top,TP211,,TestPoint_Pad_D1.0mm,WP,tht,True
-4.4,-16.0,0.0,top,TP212,,TestPoint_Pad_D1.0mm,HLD,tht,True
11.4,-19.0,0.0,top,TP213,,TestPoint_Pad_D1.0mm,SDA,tht,True
10.2,-17.8,0.0,top,TP214,,TestPoint_Pad_D1.0mm,SCL,tht,True
33.8,-10.2,0.0,top,TP215,,TestPoint_Pad_D1.0mm,RXD,tht,True
33.8,-12.2,0.0,top,TP216,,TestPoint_Pad_D1.0mm,TXD,tht,True
-6.0,-9.0,0.0,top,TP217,,TestPoint_Pad_D1.0mm,SD_GND,tht,True
-5.4,-14.0,0.0,top,TP218,,TestPoint_Pad_D1.0mm,FLASH_GND,tht,True
31.4,-3.8,0.0,top,TP219,,TestPoint_Pad_D1.0mm,AGND,tht,True
26.5,-18.4,0.0,top,TP220,,TestPoint_Pad_D1.0mm,VCC_DRAM,tht,True
31.6,10.6,0.0,top,TP301,,TestPoint_Pad_D1.0mm,EN,tht,True
31.6,15.4,0.0,top,TP302,,TestPoint_Pad_D1.0mm,IO0,tht,True
5.7,5.2,0.0,top,TP303,,TestPoint_Pad_D1.0mm,RX,tht,True
7.3,6.5,0.0,top,TP304,,TestPoint_Pad_D1.0mm,TX,tht,True
2.4,5.3,0.0,top,TP305,,TestPoint_Pad_D1.0mm,CTS,tht,True
4.1,6.5,0.0,top,TP306,,TestPoint_Pad_D1.0mm,RTS,tht,True
0.8,6.5,0.0,top,TP307,,TestPoint_Pad_D1.0mm,HCI_GND,tht,True
-28.0,20.6,0.0,top,TP401,,TestPoint_Pad_D2.0mm,CAN_TX,tht,True
-28.0,24.4,0.0,top,TP402,,TestPoint_Pad_D2.0mm,CAN_RX,tht,True
-42.6,10.2,0.0,top,TP403,,TestPoint_Pad_D2.0mm,CAN_H,tht,True
-42.6,13.3,0.0,top,TP404,,TestPoint_Pad_D2.0mm,CAN_L,tht,True
-9.2,14.2,0.0,top,TP405,,TestPoint_Pad_D2.0mm,USB_5V,tht,True
44.8,17.2,0.0,top,TP406,,TestPoint_Pad_D2.0mm,PWM_R1,tht,True
44.8,10.2,0.0,top,TP407,,TestPoint_Pad_D2.0mm,PWM_G1,tht,True
44.8,3.2,0.0,top,TP408,,TestPoint_Pad_D2.0mm,PWM_B1,tht,True
44.8,-10.8,0.0,top,TP409,,TestPoint_Pad_D2.0mm,PWM_G2,tht,True
44.8,-17.8,0.0,top,TP410,,TestPoint_Pad_D2.0mm,PWM_B2,tht,True
44.8,-3.8,0.0,top,TP411,,TestPoint_Pad_D2.0mm,PWM_R2,tht,True
69.2,6.35,0.0,top,TP412,,TestPoint_Pad_D2.0mm,RGB_R1,tht,True
67.2,3.81,0.0,top,TP413,,TestPoint_Pad_D2.0mm,RGB_G1,tht,True
69.2,1.27,0.0,top,TP414,,TestPoint_Pad_D2.0mm,RGB_B1,tht,True
67.2,-1.27,0.0,top,TP415,,TestPoint_Pad_D2.0mm,RGB_R2,tht,True
69.2,-3.81,0.0,top,TP416,,TestPoint_Pad_D2.0mm,RGB_G2,tht,True
67.2,-6.35,0.0,top,TP417,,TestPoint_Pad_D2.0mm,RGB_B2,tht,True
-9.2,17.4,0.0,top,TP418,,TestPoint_Pad_D2.0mm,USB_GND,tht,True
-31.1,18.1,180.0,top,TP419,,TestPoint_Pad_D2.0mm,+12V,tht,True
-31.1,14.9,180.0,top,TP420,,TestPoint_Pad_D2.0mm,+12V_gnd,tht,True
69.2,11.43,0.0,top,TP421,,TestPoint_Pad_D2.0mm,RGB2,tht,True
67.2,13.97,0.0,top,TP422,,TestPoint_Pad_D2.0mm,RGB1,tht,True
-30.2,-3.6,0.0,top,TP423,,TestPoint_Pad_D1.0mm,+3v3,tht,True
71.8,-8.8,0.0,top,TP424,,TestPoint_Pad_D1.0mm,LEDC,tht,True
66.6,-8.8,0.0,top,TP425,,TestPoint_Pad_D1.0mm,LEDC_OUT,tht,True
-40.8,-25.049999,180.0,top,TP426,,TestPoint_Pad_D2.0mm,RELAY_VIN,tht,True
-40.8,-21.0,180.0,top,TP427,,TestPoint_Pad_D2.0mm,RELAY_GND,tht,True
-39.2,-18.9,0.0,top,TP428,,TestPoint_Pad_D1.0mm,RELAY_SW,tht,True
-39.2,-23.0,0.0,top,TP429,,TestPoint_Pad_D1.0mm,RELAY_COIL-,tht,True
-27.4,-9.8,0.0,top,TP430,,TestPoint_Pad_D2.0mm,+5V_IN_3V3,tht,True
-27.4,-12.8,0.0,top,TP431,,TestPoint_Pad_D2.0mm,+5V_IN_3V3_GND,tht,True
67.2,8.89,0.0,top,TP432,,TestPoint_Pad_D2.0mm,RGB_GND,tht,True
-30.1,-11.5,0.0,top,TP433,,TestPoint_Pad_D1.0mm,+0V9,tht,True
18.800229,-10.629974,-90.0,top,U201,T113-S3,LQFP-128_L14.0-W14.0-P0.40-LS16.0-BL-EP5.6,T113-S3,smt,True
-1.534897,-19.929973,0.0,top,U202,W25Q32JVSSIQ,SOIC-8_5.23x5.23mm_P1.27mm,W25Q32JVSS,smt,True
7.990102,-22.180023,90.0,top,U203,ATECC608A-MAHDA-S,DFN-8-1EP_3x2mm_P0.5mm_EP1.3x1.5mm,ATECC608A-MAHDA,smt,True
19.343919,14.920027,0.0,top,U301,ESP32-WROOM-32U-N4,ESP32-WROOM-32U,ESP32-WROOM-32U,smt,True
-35.584999,-5.99,90.0,top,U402,SY8088IAAC,SOT-23-5,SY8088IAAC,smt,True
-35.584999,-14.0875,90.0,top,U403,SY8088IAAC,SOT-23-5,SY8088IAAC,smt,True
-34.172599,8.65,-90.0,top,U404,SCT2650STER,HSOP-8-1EP_3.9x4.9mm_P1.27mm_EP2.41x3.1mm,SCT2650STER,smt,True
-35.134999,22.4475,180.0,top,U405,SN65HVD230DR,SOIC-8_3.9x4.9mm_P1.27mm,SN65HVD230,smt,True
4.045149,-12.930024,90.0,top,Y201,3TJ424000XYFBC,Crystal_SMD_3225-4Pin_3.2x2.5mm,24Mhz,smt,True
-24.6,-9.8,0.0,top,kibuzzard-65CD0D8E,,kibuzzard-65CD0D8E,G***,tht,False
-12.0,14.1,0.0,top,kibuzzard-65CD0D8E,,kibuzzard-65CD0D8E,G***,tht,False
-12.0,17.5,0.0,top,kibuzzard-65CD0DAC,,kibuzzard-65CD0DAC,G***,tht,False
-24.6,-12.8,0.0,top,kibuzzard-65CD0DAC,,kibuzzard-65CD0DAC,G***,tht,False
69.6,14.0,0.0,top,kibuzzard-65CD116A,,kibuzzard-65CD116A,G***,tht,False
71.6,11.5,0.0,top,kibuzzard-65CD117C,,kibuzzard-65CD117C,G***,tht,False
69.4,8.9,0.0,top,kibuzzard-65CD1184,,kibuzzard-65CD1184,G***,tht,False
71.2,6.4,0.0,top,kibuzzard-65CD1191,,kibuzzard-65CD1191,G***,tht,False
69.2,3.8,0.0,top,kibuzzard-65CD119A,,kibuzzard-65CD119A,G***,tht,False
71.2,1.3,0.0,top,kibuzzard-65CD11A4,,kibuzzard-65CD11A4,G***,tht,False
69.2,-1.3,0.0,top,kibuzzard-65CD11AE,,kibuzzard-65CD11AE,G***,tht,False
71.2,-3.8,0.0,top,kibuzzard-65CD11B5,,kibuzzard-65CD11B5,G***,tht,False
69.2,-6.4,0.0,top,kibuzzard-65CD11BE,,kibuzzard-65CD11BE,G***,tht,False
52.7,26.8,0.0,top,kibuzzard-65CD1209,,kibuzzard-65CD1209,G***,tht,False
