﻿designator,quantity,value,pack,mpn,mount_type
"C201, C202, C205, C206, C209, C210, C211, C212, C214, C215, C216, C220, C221, C222, C223, C226, C227, C229, C231, C232, C234, C235, C236, C426",24,100nf,R_0402_1005Metric,CL05B104KB54PNC,smt
"C203, C204",2,22pF,R_0402_1005Metric,C1005NP0220JGTS,smt
"C207, C208",2,470nF,R_0402_1005Metric,GRT155R6YA474KE01D,smt
"C213, C228",2,10uF,C_1206_3216Metric,CL31A106KBHNNNE,smt
"C217, C218, C219, C224, C233",5,2.2uF,R_0402_1005Metric,CL05A225MQ5NSNC,smt
C225,1,1nF,R_0402_1005Metric,UMK105CG102JVHF,smt
"C230, C416",2,1uF,R_0402_1005Metric,CL05A105KA5NQNC,smt
"C301, C402, C406, C411, C413",5,100nF,C_0402_1005Metric,CL05B104KB54PNC,smt
C302,1,1uF,C_0805_2012Metric,CL21B105KBFNNNE,smt
"C403, C404, C407, C408, C409, C412, C421, C422, C425",9,10uF,C_0603_1608Metric,C0603X5R106M100NT,smt
"C405, C410, C418",3,22pF,C_0402_1005Metric,C1005NP0220JGTS,smt
"C414, C415",2,47uF,C_0603_1608Metric,GRM188R60J476ME15D,smt
C419,1,3.3nF,C_0402_1005Metric,CC0402KRX7R9BB332,smt
C420,1,220uF 16V,CP_Elec_10x10,UWT1H221MNL1GS,smt
C423,1,220nF,C_0603_1608Metric,CC0603KRX7R9BB224,smt
C424,1,68pF,C_0603_1608Metric,CC0603JRNPO9BN680,smt
"D401, D403, D404",3,AU0511P1,Diodes_DFN1006-3,AU0511P1,smt
"D402, D412",2,1N5819WS,D_SOD-323,1N5819WS,smt
"D405, D410",2,NSR0320MW2T1G,D_SOD-323,NSR0320MW2T1G,smt
D406,1,SMAJ12CA,D_SMA,SMAJ12CA,smt
D407,1,SS54,D_SMA,SS54,smt
"D408, D409",2,LED,LED_0402_1005Metric,LTST-C281KRKT,smt
"D411, D413",2,LED_0603_RED,LED_0603_1608Metric,MHT192CRCT,smt
"FB401, FB402, FB403",3,220R@100MHz,L_0603_1608Metric,BLM18EG221SN1D,smt
"H401, H402, H403, H404",4,MountingHole,MountingHole_2.2mm_M2,,tht
J201,1,XKTF-1307-16,TF-SMD_YC39-TF08-180,XKTF-1307-16,smt
J202,1,TC2030-IDC,Tag-Connect_TC2030-IDC-NL_2x03_P1.27mm_Vertical,,tht
J301,1,ESP32,PinHeader_1x05_P2.54mm_Vertical,,tht
"J401, J402",2,Conn_01x02,PinHeader_1x02_P2.54mm_Horizontal,,tht
J403,1,Conn_01x12,"TerminalBlock_Phoenix_MPT-0,5-12-2.54_1x12_P2.54mm_Horizontal",DB125-2.54-12P-GN-S,tht
J404,1,USB_B_Mini,USB_Mini-B_Lumberg_2486_01_Horizontal,UX-144S-ACP5,smt
K401,1,G6K-2,Relay_DPDT_Omron_G6K-2F-Y,G6K-2F-Y-TR DC5,smt
"L401, L402, L404",3,2.2uH,IND-SMD_L2.0-W1.6_VLS201610CX-150M,VLS201610HBX-2R2M-1,smt
L403,1,8.2uH 3.7A,IND-SMD_L7.0-W6.6_FXL0630,YHNR4020-8R2M,smt
"Q301, Q302, Q401, Q402, Q403, Q405, Q406, Q408, Q409, Q411, Q412, Q413, Q414, Q415, Q416",15,BC850,SOT-23,BC850CLT1G,smt
"Q404, Q407, Q410, Q417, Q418, Q419",6,SI2302-TP,SOT-23,SI2302-TP,smt
"R201, R203, R204, R205, R206, R212, R301, R304, R419",9,100k,R_0402_1005Metric,AC0402JR-07100KL,smt
"R202, R302, R307, R308",4,22R,R_0402_1005Metric,RC0402FR-0722RL,smt
R207,1,240R,R_0402_1005Metric,RC0402FR-07240RL,smt
"R208, R209",2,27R,R_0402_1005Metric,RC0402FR-0727RL,smt
"R210, R211, R213, R214, R215, R216",6,0R,C_0402_1005Metric,0402WGF0000TCE,smt
"R217, R218",2,1.8k,R_0402_1005Metric,RC0402JR-071K8L,smt
"R305, R306",2,12k,R_0402_1005Metric,RTT021202FTH,smt
"R401, R407, R412, R423, R425, R426, R431, R437, R438, R439",10,100k 1%,R_0402_1005Metric,RC0402FR-07100KL,smt
"R402, R408, R409, R410, R411, R413, R427, R428, R429, R430, R432, R433, R434, R435, R436, R440, R441, R442, R443, R444, R445",21,1k,R_0402_1005Metric,C11702,smt
"R403, R405",2,10k,R_0805_2012Metric,0805W8F1002T5E,smt
"R404, R406",2,2.2k,R_0603_1608Metric,RC0402FR-072K2L,smt
R414,1,680k,R_0402_1005Metric,AECR0402F680KK9,smt
"R415, R417, R418",3,150k,R_0402_1005Metric,AF0402FR-07150KL,smt
R416,1,75k,R_0402_1005Metric,RC0402FR-0775KL,smt
"R420, R421",2,0R,R_0402_1005Metric,0402WGF0000TCE,smt
R422,1,33k 1%,R_0402_1005Metric,RC0402FR-0733KL,smt
R424,1,18.7k 1%,R_0402_1005Metric,AT0402BRD0718K7L,smt
"RN201, RN301",2,100k,R_Array_Convex_4x0603,YC164-FR-07100KL,smt
TP201,1,DAT2,TestPoint_Pad_D1.0mm,,tht
TP202,1,DAT3,TestPoint_Pad_D1.0mm,,tht
TP203,1,CMD,TestPoint_Pad_D1.0mm,,tht
"TP204, TP208",2,CLK,TestPoint_Pad_D1.0mm,,tht
TP205,1,DAT0,TestPoint_Pad_D1.0mm,,tht
TP206,1,DAT1,TestPoint_Pad_D1.0mm,,tht
TP207,1,CS0,TestPoint_Pad_D1.0mm,,tht
TP209,1,MISO,TestPoint_Pad_D1.0mm,,tht
TP210,1,MOSI,TestPoint_Pad_D1.0mm,,tht
TP211,1,WP,TestPoint_Pad_D1.0mm,,tht
TP212,1,HLD,TestPoint_Pad_D1.0mm,,tht
TP213,1,SDA,TestPoint_Pad_D1.0mm,,tht
TP214,1,SCL,TestPoint_Pad_D1.0mm,,tht
TP215,1,RXD,TestPoint_Pad_D1.0mm,,tht
TP216,1,TXD,TestPoint_Pad_D1.0mm,,tht
TP217,1,SD_GND,TestPoint_Pad_D1.0mm,,tht
TP218,1,FLASH_GND,TestPoint_Pad_D1.0mm,,tht
TP219,1,AGND,TestPoint_Pad_D1.0mm,,tht
TP220,1,VCC_DRAM,TestPoint_Pad_D1.0mm,,tht
TP301,1,EN,TestPoint_Pad_D1.0mm,,tht
TP302,1,IO0,TestPoint_Pad_D1.0mm,,tht
TP303,1,RX,TestPoint_Pad_D1.0mm,,tht
TP304,1,TX,TestPoint_Pad_D1.0mm,,tht
TP305,1,CTS,TestPoint_Pad_D1.0mm,,tht
TP306,1,RTS,TestPoint_Pad_D1.0mm,,tht
TP307,1,HCI_GND,TestPoint_Pad_D1.0mm,,tht
TP401,1,CAN_TX,TestPoint_Pad_D2.0mm,,tht
TP402,1,CAN_RX,TestPoint_Pad_D2.0mm,,tht
TP403,1,CAN_H,TestPoint_Pad_D2.0mm,,tht
TP404,1,CAN_L,TestPoint_Pad_D2.0mm,,tht
TP405,1,USB_5V,TestPoint_Pad_D2.0mm,,tht
TP406,1,PWM_R1,TestPoint_Pad_D2.0mm,,tht
TP407,1,PWM_G1,TestPoint_Pad_D2.0mm,,tht
TP408,1,PWM_B1,TestPoint_Pad_D2.0mm,,tht
TP409,1,PWM_G2,TestPoint_Pad_D2.0mm,,tht
TP410,1,PWM_B2,TestPoint_Pad_D2.0mm,,tht
TP411,1,PWM_R2,TestPoint_Pad_D2.0mm,,tht
TP412,1,RGB_R1,TestPoint_Pad_D2.0mm,,tht
TP413,1,RGB_G1,TestPoint_Pad_D2.0mm,,tht
TP414,1,RGB_B1,TestPoint_Pad_D2.0mm,,tht
TP415,1,RGB_R2,TestPoint_Pad_D2.0mm,,tht
TP416,1,RGB_G2,TestPoint_Pad_D2.0mm,,tht
TP417,1,RGB_B2,TestPoint_Pad_D2.0mm,,tht
TP418,1,USB_GND,TestPoint_Pad_D2.0mm,,tht
TP419,1,+12V,TestPoint_Pad_D2.0mm,,tht
TP420,1,+12V_gnd,TestPoint_Pad_D2.0mm,,tht
TP421,1,RGB2,TestPoint_Pad_D2.0mm,,tht
TP422,1,RGB1,TestPoint_Pad_D2.0mm,,tht
TP423,1,+3v3,TestPoint_Pad_D1.0mm,,tht
TP424,1,LEDC,TestPoint_Pad_D1.0mm,,tht
TP425,1,LEDC_OUT,TestPoint_Pad_D1.0mm,,tht
TP426,1,RELAY_VIN,TestPoint_Pad_D2.0mm,,tht
TP427,1,RELAY_GND,TestPoint_Pad_D2.0mm,,tht
TP428,1,RELAY_SW,TestPoint_Pad_D1.0mm,,tht
TP429,1,RELAY_COIL-,TestPoint_Pad_D1.0mm,,tht
TP430,1,+5V_IN_3V3,TestPoint_Pad_D2.0mm,,tht
TP431,1,+5V_IN_3V3_GND,TestPoint_Pad_D2.0mm,,tht
TP432,1,RGB_GND,TestPoint_Pad_D2.0mm,,tht
TP433,1,+0V9,TestPoint_Pad_D1.0mm,,tht
U201,1,T113-S3,LQFP-128_L14.0-W14.0-P0.40-LS16.0-BL-EP5.6,T113-S3,smt
U202,1,W25Q32JVSS,SOIC-8_5.23x5.23mm_P1.27mm,W25Q32JVSSIQ,smt
U203,1,ATECC608A-MAHDA,DFN-8-1EP_3x2mm_P0.5mm_EP1.3x1.5mm,ATECC608A-MAHDA-S,smt
U301,1,ESP32-WROOM-32U,ESP32-WROOM-32U,ESP32-WROOM-32U-N4,smt
"U402, U403",2,SY8088IAAC,SOT-23-5,SY8088IAAC,smt
U404,1,SCT2650STER,HSOP-8-1EP_3.9x4.9mm_P1.27mm_EP2.41x3.1mm,SCT2650STER,smt
U405,1,SN65HVD230,SOIC-8_3.9x4.9mm_P1.27mm,SN65HVD230DR,smt
Y201,1,24Mhz,Crystal_SMD_3225-4Pin_3.2x2.5mm,3TJ424000XYFBC,smt
"kibuzzard-65CD0D8E, kibuzzard-65CD0D8E",2,G***,kibuzzard-65CD0D8E,,tht
"kibuzzard-65CD0DAC, kibuzzard-65CD0DAC",2,G***,kibuzzard-65CD0DAC,,tht
kibuzzard-65CD116A,1,G***,kibuzzard-65CD116A,,tht
kibuzzard-65CD117C,1,G***,kibuzzard-65CD117C,,tht
kibuzzard-65CD1184,1,G***,kibuzzard-65CD1184,,tht
kibuzzard-65CD1191,1,G***,kibuzzard-65CD1191,,tht
kibuzzard-65CD119A,1,G***,kibuzzard-65CD119A,,tht
kibuzzard-65CD11A4,1,G***,kibuzzard-65CD11A4,,tht
kibuzzard-65CD11AE,1,G***,kibuzzard-65CD11AE,,tht
kibuzzard-65CD11B5,1,G***,kibuzzard-65CD11B5,,tht
kibuzzard-65CD11BE,1,G***,kibuzzard-65CD11BE,,tht
kibuzzard-65CD1209,1,G***,kibuzzard-65CD1209,,tht
